cand_no,base_id,estimator,K,sigma,alpha,tau,d,W,m,role
1,B07,adaptive,2,0.03,0.55,0,0,0.05,0.25,paired_core
2,B07,adaptive,2,0.03,0.55,1,0,0.05,0.25,paired_core
3,B07,adaptive,2,0.03,0.55,2,0,0.05,0.25,paired_core
4,B07,adaptive,2,0.03,0.55,0,1,0.05,0.25,paired_core
5,B07,adaptive,2,0.03,0.55,1,1,0.05,0.25,paired_core
6,B07,adaptive,2,0.03,0.55,2,1,0.05,0.25,paired_core
7,B07,adaptive,2,0.03,0.55,0,2,0.05,0.25,paired_core
8,B07,adaptive,2,0.03,0.55,1,2,0.05,0.25,paired_core
9,B07,adaptive,2,0.03,0.55,2,2,0.05,0.25,paired_core
10,B07,adaptive,2,0.03,0.55,0,4,0.05,0.25,paired_core
11,B07,adaptive,2,0.03,0.55,1,4,0.05,0.25,paired_core
12,B07,adaptive,2,0.03,0.55,2,4,0.05,0.25,paired_core
13,B15,adaptive,2,0.05,0.75,0,0,0.12,0.25,paired_core
14,B15,adaptive,2,0.05,0.75,1,0,0.12,0.25,paired_core
15,B15,adaptive,2,0.05,0.75,2,0,0.12,0.25,paired_core
16,B15,adaptive,2,0.05,0.75,0,1,0.12,0.25,paired_core
17,B15,adaptive,2,0.05,0.75,1,1,0.12,0.25,paired_core
18,B15,adaptive,2,0.05,0.75,2,1,0.12,0.25,paired_core
19,B15,adaptive,2,0.05,0.75,0,2,0.12,0.25,paired_core
20,B15,adaptive,2,0.05,0.75,1,2,0.12,0.25,paired_core
21,B15,adaptive,2,0.05,0.75,2,2,0.12,0.25,paired_core
22,B15,adaptive,2,0.05,0.75,0,4,0.12,0.25,paired_core
23,B15,adaptive,2,0.05,0.75,1,4,0.12,0.25,paired_core
24,B15,adaptive,2,0.05,0.75,2,4,0.12,0.25,paired_core
25,B08,adaptive,3,0.05,0.15,0,0,0.22,0.15,paired_core
26,B08,adaptive,3,0.05,0.15,1,0,0.22,0.15,paired_core
27,B08,adaptive,3,0.05,0.15,2,0,0.22,0.15,paired_core
28,B08,adaptive,3,0.05,0.15,0,1,0.22,0.15,paired_core
29,B08,adaptive,3,0.05,0.15,1,1,0.22,0.15,paired_core
30,B08,adaptive,3,0.05,0.15,2,1,0.22,0.15,paired_core
31,B08,adaptive,3,0.05,0.15,0,2,0.22,0.15,paired_core
32,B08,adaptive,3,0.05,0.15,1,2,0.22,0.15,paired_core
33,B08,adaptive,3,0.05,0.15,2,2,0.22,0.15,paired_core
34,B08,adaptive,3,0.05,0.15,0,4,0.22,0.15,paired_core
35,B08,adaptive,3,0.05,0.15,1,4,0.22,0.15,paired_core
36,B08,adaptive,3,0.05,0.15,2,4,0.22,0.15,paired_core
37,B16,adaptive,3,0.03,0.35,0,0,0.12,0.08,paired_core
38,B16,adaptive,3,0.03,0.35,1,0,0.12,0.08,paired_core
39,B16,adaptive,3,0.03,0.35,2,0,0.12,0.08,paired_core
40,B16,adaptive,3,0.03,0.35,0,1,0.12,0.08,paired_core
41,B16,adaptive,3,0.03,0.35,1,1,0.12,0.08,paired_core
42,B16,adaptive,3,0.03,0.35,2,1,0.12,0.08,paired_core
43,B16,adaptive,3,0.03,0.35,0,2,0.12,0.08,paired_core
44,B16,adaptive,3,0.03,0.35,1,2,0.12,0.08,paired_core
45,B16,adaptive,3,0.03,0.35,2,2,0.12,0.08,paired_core
46,B16,adaptive,3,0.03,0.35,0,4,0.12,0.08,paired_core
47,B16,adaptive,3,0.03,0.35,1,4,0.12,0.08,paired_core
48,B16,adaptive,3,0.03,0.35,2,4,0.12,0.08,paired_core
49,B05,changepoint,2,0.03,0.15,0,0,0.12,0.15,paired_core
50,B05,changepoint,2,0.03,0.15,1,0,0.12,0.15,paired_core
51,B05,changepoint,2,0.03,0.15,2,0,0.12,0.15,paired_core
52,B05,changepoint,2,0.03,0.15,0,1,0.12,0.15,paired_core
53,B05,changepoint,2,0.03,0.15,1,1,0.12,0.15,paired_core
54,B05,changepoint,2,0.03,0.15,2,1,0.12,0.15,paired_core
55,B05,changepoint,2,0.03,0.15,0,2,0.12,0.15,paired_core
56,B05,changepoint,2,0.03,0.15,1,2,0.12,0.15,paired_core
57,B05,changepoint,2,0.03,0.15,2,2,0.12,0.15,paired_core
58,B05,changepoint,2,0.03,0.15,0,4,0.12,0.15,paired_core
59,B05,changepoint,2,0.03,0.15,1,4,0.12,0.15,paired_core
60,B05,changepoint,2,0.03,0.15,2,4,0.12,0.15,paired_core
61,B13,changepoint,2,0.1,0.35,0,0,0.22,0.08,paired_core
62,B13,changepoint,2,0.1,0.35,1,0,0.22,0.08,paired_core
63,B13,changepoint,2,0.1,0.35,2,0,0.22,0.08,paired_core
64,B13,changepoint,2,0.1,0.35,0,1,0.22,0.08,paired_core
65,B13,changepoint,2,0.1,0.35,1,1,0.22,0.08,paired_core
66,B13,changepoint,2,0.1,0.35,2,1,0.22,0.08,paired_core
67,B13,changepoint,2,0.1,0.35,0,2,0.22,0.08,paired_core
68,B13,changepoint,2,0.1,0.35,1,2,0.22,0.08,paired_core
69,B13,changepoint,2,0.1,0.35,2,2,0.22,0.08,paired_core
70,B13,changepoint,2,0.1,0.35,0,4,0.22,0.08,paired_core
71,B13,changepoint,2,0.1,0.35,1,4,0.22,0.08,paired_core
72,B13,changepoint,2,0.1,0.35,2,4,0.22,0.08,paired_core
73,B06,changepoint,3,0.05,0.15,0,0,0.05,0.15,paired_core
74,B06,changepoint,3,0.05,0.15,1,0,0.05,0.15,paired_core
75,B06,changepoint,3,0.05,0.15,2,0,0.05,0.15,paired_core
76,B06,changepoint,3,0.05,0.15,0,1,0.05,0.15,paired_core
77,B06,changepoint,3,0.05,0.15,1,1,0.05,0.15,paired_core
78,B06,changepoint,3,0.05,0.15,2,1,0.05,0.15,paired_core
79,B06,changepoint,3,0.05,0.15,0,2,0.05,0.15,paired_core
80,B06,changepoint,3,0.05,0.15,1,2,0.05,0.15,paired_core
81,B06,changepoint,3,0.05,0.15,2,2,0.05,0.15,paired_core
82,B06,changepoint,3,0.05,0.15,0,4,0.05,0.15,paired_core
83,B06,changepoint,3,0.05,0.15,1,4,0.05,0.15,paired_core
84,B06,changepoint,3,0.05,0.15,2,4,0.05,0.15,paired_core
85,B14,changepoint,3,0.03,0.75,0,0,0.22,0.25,paired_core
86,B14,changepoint,3,0.03,0.75,1,0,0.22,0.25,paired_core
87,B14,changepoint,3,0.03,0.75,2,0,0.22,0.25,paired_core
88,B14,changepoint,3,0.03,0.75,0,1,0.22,0.25,paired_core
89,B14,changepoint,3,0.03,0.75,1,1,0.22,0.25,paired_core
90,B14,changepoint,3,0.03,0.75,2,1,0.22,0.25,paired_core
91,B14,changepoint,3,0.03,0.75,0,2,0.22,0.25,paired_core
92,B14,changepoint,3,0.03,0.75,1,2,0.22,0.25,paired_core
93,B14,changepoint,3,0.03,0.75,2,2,0.22,0.25,paired_core
94,B14,changepoint,3,0.03,0.75,0,4,0.22,0.25,paired_core
95,B14,changepoint,3,0.03,0.75,1,4,0.22,0.25,paired_core
96,B14,changepoint,3,0.03,0.75,2,4,0.22,0.25,paired_core
97,B01,ema,2,0.1,0.55,0,0,0.22,0.25,paired_core
98,B01,ema,2,0.1,0.55,1,0,0.22,0.25,paired_core
99,B01,ema,2,0.1,0.55,2,0,0.22,0.25,paired_core
100,B01,ema,2,0.1,0.55,0,1,0.22,0.25,paired_core
101,B01,ema,2,0.1,0.55,1,1,0.22,0.25,paired_core
102,B01,ema,2,0.1,0.55,2,1,0.22,0.25,paired_core
103,B01,ema,2,0.1,0.55,0,2,0.22,0.25,paired_core
104,B01,ema,2,0.1,0.55,1,2,0.22,0.25,paired_core
105,B01,ema,2,0.1,0.55,2,2,0.22,0.25,paired_core
106,B01,ema,2,0.1,0.55,0,4,0.22,0.25,paired_core
107,B01,ema,2,0.1,0.55,1,4,0.22,0.25,paired_core
108,B01,ema,2,0.1,0.55,2,4,0.22,0.25,paired_core
109,B09,ema,2,0.05,0.35,0,0,0.05,0.08,paired_core
110,B09,ema,2,0.05,0.35,1,0,0.05,0.08,paired_core
111,B09,ema,2,0.05,0.35,2,0,0.05,0.08,paired_core
112,B09,ema,2,0.05,0.35,0,1,0.05,0.08,paired_core
113,B09,ema,2,0.05,0.35,1,1,0.05,0.08,paired_core
114,B09,ema,2,0.05,0.35,2,1,0.05,0.08,paired_core
115,B09,ema,2,0.05,0.35,0,2,0.05,0.08,paired_core
116,B09,ema,2,0.05,0.35,1,2,0.05,0.08,paired_core
117,B09,ema,2,0.05,0.35,2,2,0.05,0.08,paired_core
118,B09,ema,2,0.05,0.35,0,4,0.05,0.08,paired_core
119,B09,ema,2,0.05,0.35,1,4,0.05,0.08,paired_core
120,B09,ema,2,0.05,0.35,2,4,0.05,0.08,paired_core
121,B02,ema,3,0.1,0.75,0,0,0.05,0.25,paired_core
122,B02,ema,3,0.1,0.75,1,0,0.05,0.25,paired_core
123,B02,ema,3,0.1,0.75,2,0,0.05,0.25,paired_core
124,B02,ema,3,0.1,0.75,0,1,0.05,0.25,paired_core
125,B02,ema,3,0.1,0.75,1,1,0.05,0.25,paired_core
126,B02,ema,3,0.1,0.75,2,1,0.05,0.25,paired_core
127,B02,ema,3,0.1,0.75,0,2,0.05,0.25,paired_core
128,B02,ema,3,0.1,0.75,1,2,0.05,0.25,paired_core
129,B02,ema,3,0.1,0.75,2,2,0.05,0.25,paired_core
130,B02,ema,3,0.1,0.75,0,4,0.05,0.25,paired_core
131,B02,ema,3,0.1,0.75,1,4,0.05,0.25,paired_core
132,B02,ema,3,0.1,0.75,2,4,0.05,0.25,paired_core
133,B10,ema,3,0.1,0.35,0,0,0.12,0.15,paired_core
134,B10,ema,3,0.1,0.35,1,0,0.12,0.15,paired_core
135,B10,ema,3,0.1,0.35,2,0,0.12,0.15,paired_core
136,B10,ema,3,0.1,0.35,0,1,0.12,0.15,paired_core
137,B10,ema,3,0.1,0.35,1,1,0.12,0.15,paired_core
138,B10,ema,3,0.1,0.35,2,1,0.12,0.15,paired_core
139,B10,ema,3,0.1,0.35,0,2,0.12,0.15,paired_core
140,B10,ema,3,0.1,0.35,1,2,0.12,0.15,paired_core
141,B10,ema,3,0.1,0.35,2,2,0.12,0.15,paired_core
142,B10,ema,3,0.1,0.35,0,4,0.12,0.15,paired_core
143,B10,ema,3,0.1,0.35,1,4,0.12,0.15,paired_core
144,B10,ema,3,0.1,0.35,2,4,0.12,0.15,paired_core
145,B03,kalman,2,0.03,0.15,0,0,0.05,0.15,paired_core
146,B03,kalman,2,0.03,0.15,1,0,0.05,0.15,paired_core
147,B03,kalman,2,0.03,0.15,2,0,0.05,0.15,paired_core
148,B03,kalman,2,0.03,0.15,0,1,0.05,0.15,paired_core
149,B03,kalman,2,0.03,0.15,1,1,0.05,0.15,paired_core
150,B03,kalman,2,0.03,0.15,2,1,0.05,0.15,paired_core
151,B03,kalman,2,0.03,0.15,0,2,0.05,0.15,paired_core
152,B03,kalman,2,0.03,0.15,1,2,0.05,0.15,paired_core
153,B03,kalman,2,0.03,0.15,2,2,0.05,0.15,paired_core
154,B03,kalman,2,0.03,0.15,0,4,0.05,0.15,paired_core
155,B03,kalman,2,0.03,0.15,1,4,0.05,0.15,paired_core
156,B03,kalman,2,0.03,0.15,2,4,0.05,0.15,paired_core
157,B11,kalman,2,0.1,0.55,0,0,0.12,0.08,paired_core
158,B11,kalman,2,0.1,0.55,1,0,0.12,0.08,paired_core
159,B11,kalman,2,0.1,0.55,2,0,0.12,0.08,paired_core
160,B11,kalman,2,0.1,0.55,0,1,0.12,0.08,paired_core
161,B11,kalman,2,0.1,0.55,1,1,0.12,0.08,paired_core
162,B11,kalman,2,0.1,0.55,2,1,0.12,0.08,paired_core
163,B11,kalman,2,0.1,0.55,0,2,0.12,0.08,paired_core
164,B11,kalman,2,0.1,0.55,1,2,0.12,0.08,paired_core
165,B11,kalman,2,0.1,0.55,2,2,0.12,0.08,paired_core
166,B11,kalman,2,0.1,0.55,0,4,0.12,0.08,paired_core
167,B11,kalman,2,0.1,0.55,1,4,0.12,0.08,paired_core
168,B11,kalman,2,0.1,0.55,2,4,0.12,0.08,paired_core
169,B04,kalman,3,0.03,0.55,0,0,0.22,0.08,paired_core
170,B04,kalman,3,0.03,0.55,1,0,0.22,0.08,paired_core
171,B04,kalman,3,0.03,0.55,2,0,0.22,0.08,paired_core
172,B04,kalman,3,0.03,0.55,0,1,0.22,0.08,paired_core
173,B04,kalman,3,0.03,0.55,1,1,0.22,0.08,paired_core
174,B04,kalman,3,0.03,0.55,2,1,0.22,0.08,paired_core
175,B04,kalman,3,0.03,0.55,0,2,0.22,0.08,paired_core
176,B04,kalman,3,0.03,0.55,1,2,0.22,0.08,paired_core
177,B04,kalman,3,0.03,0.55,2,2,0.22,0.08,paired_core
178,B04,kalman,3,0.03,0.55,0,4,0.22,0.08,paired_core
179,B04,kalman,3,0.03,0.55,1,4,0.22,0.08,paired_core
180,B04,kalman,3,0.03,0.55,2,4,0.22,0.08,paired_core
181,B12,kalman,3,0.05,0.75,0,0,0.05,0.08,paired_core
182,B12,kalman,3,0.05,0.75,1,0,0.05,0.08,paired_core
183,B12,kalman,3,0.05,0.75,2,0,0.05,0.08,paired_core
184,B12,kalman,3,0.05,0.75,0,1,0.05,0.08,paired_core
185,B12,kalman,3,0.05,0.75,1,1,0.05,0.08,paired_core
186,B12,kalman,3,0.05,0.75,2,1,0.05,0.08,paired_core
187,B12,kalman,3,0.05,0.75,0,2,0.05,0.08,paired_core
188,B12,kalman,3,0.05,0.75,1,2,0.05,0.08,paired_core
189,B12,kalman,3,0.05,0.75,2,2,0.05,0.08,paired_core
190,B12,kalman,3,0.05,0.75,0,4,0.05,0.08,paired_core
191,B12,kalman,3,0.05,0.75,1,4,0.05,0.08,paired_core
192,B12,kalman,3,0.05,0.75,2,4,0.05,0.08,paired_core
193,A1K0,ema,0,0.05,0.35,0,0,0.12,0.15,anchor_K0
194,A1K0,ema,0,0.05,0.35,2,4,0.12,0.15,anchor_K0
195,A1K1,ema,1,0.05,0.35,0,0,0.12,0.15,anchor_K1
196,A1K1,ema,1,0.05,0.35,2,4,0.12,0.15,anchor_K1
197,A2K0,kalman,0,0.05,0.35,0,0,0.12,0.15,anchor_K0
198,A2K0,kalman,0,0.05,0.35,2,4,0.12,0.15,anchor_K0
199,A2K1,kalman,1,0.05,0.35,0,0,0.12,0.15,anchor_K1
200,A2K1,kalman,1,0.05,0.35,2,4,0.12,0.15,anchor_K1
201,A3K0,changepoint,0,0.05,0.35,0,0,0.12,0.15,anchor_K0
202,A3K0,changepoint,0,0.05,0.35,2,4,0.12,0.15,anchor_K0
203,A3K1,changepoint,1,0.05,0.35,0,0,0.12,0.15,anchor_K1
204,A3K1,changepoint,1,0.05,0.35,2,4,0.12,0.15,anchor_K1
205,A4K0,adaptive,0,0.05,0.35,0,0,0.12,0.15,anchor_K0
206,A4K0,adaptive,0,0.05,0.35,2,4,0.12,0.15,anchor_K0
207,A4K1,adaptive,1,0.05,0.35,0,0,0.12,0.15,anchor_K1
208,A4K1,adaptive,1,0.05,0.35,2,4,0.12,0.15,anchor_K1
